"MDVP:Fo(Hz)","MDVP:Fhi(Hz)","MDVP:Flo(Hz)","MDVP:JittEr(%)","MDVP:JittEr(Abs)","MDVP:RAP","MDVP:PPQ","JittEr:DDP","MDVP:ShimmEr","MDVP:ShimmEr(dB)","ShimmEr:APQ3","ShimmEr:APQ5","MDVP:APQ","ShimmEr:DDA","NHR","HNR","RPDE","DFA","sprEad1","sprEad2","D2","PPE","outlier"
126.512,141.756,99.77,0.01936,0.00015,0.01159,0.0099,0.03476,0.06734,0.659,0.03611,0.03963,0.05783,0.10833,0.16744,12.435,0.638545,0.674953,-3.760348,0.242861,2.634633,0.378483,"yes"
197.569,217.627,90.794,0.00803,4e-05,0.0049,0.00448,0.0147,0.02177,0.189,0.01279,0.01272,0.01439,0.03836,0.01337,19.269,0.372222,0.725216,-5.736781,0.164529,2.88245,0.202879,"no"
244.99,272.21,239.17,0.00451,2e-05,0.00279,0.00237,0.00837,0.01897,0.181,0.01084,0.01121,0.01255,0.03253,0.01049,21.528,0.522812,0.646818,-7.3045,0.171088,2.095237,0.09622,"no"
201.774,262.707,78.228,0.00694,3e-05,0.00412,0.00396,0.01235,0.02574,0.255,0.01454,0.01582,0.01758,0.04363,0.04441,19.368,0.508479,0.683761,-6.934474,0.15989,2.316346,0.112838,"no"
174.188,230.978,94.261,0.00459,3e-05,0.00263,0.00259,0.0079,0.04087,0.405,0.02336,0.02498,0.02745,0.07008,0.02764,19.517,0.448439,0.657899,-6.538586,0.121952,2.657476,0.13305,"no"
198.764,396.961,74.904,0.0074,4e-05,0.0037,0.0039,0.01109,0.02296,0.241,0.01265,0.01321,0.01588,0.03794,0.07223,19.02,0.451221,0.643956,-6.744577,0.207454,2.138608,0.123306,"no"
