"MDVP:Fo(Hz)","MDVP:Fhi(Hz)","MDVP:Flo(Hz)","MDVP:JittEr(%)","MDVP:JittEr(Abs)","MDVP:RAP","MDVP:PPQ","JittEr:DDP","MDVP:ShimmEr","MDVP:ShimmEr(dB)","ShimmEr:APQ3","ShimmEr:APQ5","MDVP:APQ","ShimmEr:DDA","NHR","HNR","RPDE","DFA","sprEad1","sprEad2","D2","PPE","outlier"
153.88,172.86,78.128,0.0048,3e-05,0.00232,0.00267,0.00696,0.04137,0.37,0.02021,0.02591,0.04525,0.06062,0.01849,19.493,0.629017,0.698951,-5.18696,0.237622,2.557536,0.259765,"yes"
148.462,161.078,141.998,0.00397,3e-05,0.00202,0.00235,0.00605,0.01831,0.163,0.0095,0.01103,0.01559,0.02849,0.00639,22.866,0.408598,0.768845,-5.704053,0.216204,2.679185,0.19771,"yes"
198.383,215.203,193.104,0.00212,1e-05,0.00113,0.00135,0.00339,0.01263,0.111,0.0064,0.00825,0.00951,0.01919,0.00119,30.775,0.465946,0.738703,-7.067931,0.175181,1.512275,0.09632,"no"
252.455,261.487,182.786,0.00185,7e-06,0.00092,0.00113,0.00276,0.01152,0.103,0.00614,0.0073,0.0086,0.01841,0.00432,26.805,0.610367,0.635204,-7.31951,0.200873,2.028612,0.086398,"no"
260.105,264.919,237.303,0.00339,1e-05,0.00205,0.00186,0.00616,0.0203,0.197,0.01186,0.0123,0.01367,0.03557,0.0091,21.083,0.440988,0.628058,-7.517934,0.160414,1.881767,0.075587,"no"
240.301,245.135,219.783,0.00517,2e-05,0.00316,0.00283,0.00949,0.02018,0.212,0.01176,0.01191,0.01344,0.03529,0.00965,21.02,0.371837,0.646167,-7.169701,0.073298,2.266432,0.100881,"no"
