"MDVP:Fo(Hz)","MDVP:Fhi(Hz)","MDVP:Flo(Hz)","MDVP:JittEr(%)","MDVP:JittEr(Abs)","MDVP:RAP","MDVP:PPQ","JittEr:DDP","MDVP:ShimmEr","MDVP:ShimmEr(dB)","ShimmEr:APQ3","ShimmEr:APQ5","MDVP:APQ","ShimmEr:DDA","NHR","HNR","RPDE","DFA","sprEad1","sprEad2","D2","PPE","outlier"
193.03,208.9,80.297,0.00766,4e-05,0.0045,0.00389,0.01351,0.03044,0.275,0.01771,0.01815,0.02084,0.05312,0.00947,21.934,0.497554,0.740539,-5.845099,0.278679,2.608749,0.185668,"yes"
243.439,250.912,232.435,0.0021,9e-06,0.00109,0.00137,0.00327,0.01419,0.126,0.00777,0.00898,0.01033,0.0233,0.00454,25.368,0.438296,0.635285,-7.057869,0.091608,2.330716,0.09147,"no"
242.852,255.034,227.911,0.00225,9e-06,0.00117,0.00139,0.0035,0.01494,0.134,0.00847,0.00879,0.01014,0.02542,0.00476,25.032,0.431285,0.638928,-6.99582,0.102083,2.3658,0.102706,"no"
129.336,139.867,118.604,0.0049,4e-05,0.00165,0.00183,0.00495,0.02498,0.228,0.01396,0.01219,0.01947,0.04188,0.00484,25.429,0.420383,0.785714,-6.836811,0.269866,2.223719,0.147491,"no"
222.236,231.345,205.495,0.00266,1e-05,0.00152,0.00144,0.00457,0.01643,0.145,0.00867,0.01108,0.012,0.02602,0.0034,25.856,0.364867,0.694399,-6.966321,0.095882,2.278687,0.103224,"no"
209.516,253.017,89.488,0.00564,3e-05,0.00331,0.00292,0.00994,0.02751,0.263,0.01604,0.01657,0.01879,0.04812,0.0181,19.147,0.431674,0.683244,-6.195325,0.129303,2.784312,0.168895,"no"
