"MDVP:Fo(Hz)","MDVP:Fhi(Hz)","MDVP:Flo(Hz)","MDVP:JittEr(%)","MDVP:JittEr(Abs)","MDVP:RAP","MDVP:PPQ","JittEr:DDP","MDVP:ShimmEr","MDVP:ShimmEr(dB)","ShimmEr:APQ3","ShimmEr:APQ5","MDVP:APQ","ShimmEr:DDA","NHR","HNR","RPDE","DFA","sprEad1","sprEad2","D2","PPE","outlier"
125.036,143.946,116.187,0.0128,1e-04,0.00743,0.00623,0.02228,0.03886,0.342,0.02135,0.02174,0.03088,0.06406,0.08151,15.338,0.629574,0.714485,-4.020042,0.265315,2.671825,0.340623,"yes"
199.228,209.512,192.091,0.00241,1e-05,0.00134,0.00138,0.00402,0.01015,0.089,0.00504,0.00641,0.00762,0.01513,0.00167,30.94,0.432439,0.742055,-7.682587,0.173319,2.103106,0.068501,"no"
228.832,234.619,223.634,0.00296,1e-05,0.00175,0.00155,0.00526,0.01644,0.145,0.00882,0.01075,0.01179,0.02647,0.00351,25.964,0.25657,0.683296,-7.24562,0.018689,2.498224,0.093534,"no"
113.715,116.443,96.913,0.00349,3e-05,0.00171,0.00203,0.00514,0.01472,0.133,0.00748,0.00905,0.01148,0.02245,0.00478,26.547,0.380253,0.7667,-5.943501,0.19215,1.852542,0.179677,"no"
117.004,144.466,99.923,0.00353,3e-05,0.00176,0.00218,0.00528,0.01657,0.145,0.00881,0.01062,0.01318,0.02643,0.0059,25.445,0.387482,0.756482,-6.012559,0.229298,1.872946,0.163118,"no"
115.38,123.109,108.634,0.00332,3e-05,0.0016,0.00199,0.0048,0.01503,0.137,0.00812,0.00933,0.01133,0.02436,0.00401,26.005,0.405991,0.761255,-5.966779,0.197938,1.974857,0.184067,"no"
