"MDVP:Fo(Hz)","MDVP:Fhi(Hz)","MDVP:Flo(Hz)","MDVP:JittEr(%)","MDVP:JittEr(Abs)","MDVP:RAP","MDVP:PPQ","JittEr:DDP","MDVP:ShimmEr","MDVP:ShimmEr(dB)","ShimmEr:APQ3","ShimmEr:APQ5","MDVP:APQ","ShimmEr:DDA","NHR","HNR","RPDE","DFA","sprEad1","sprEad2","D2","PPE","outlier"
114.847,271.314,104.68,0.00867,8e-05,0.00373,0.0052,0.0112,0.03225,0.35,0.01805,0.01974,0.02519,0.05414,0.01143,21.66,0.547975,0.817396,-4.609161,0.221711,1.831691,0.316395,"yes"
237.226,247.326,225.227,0.00298,1e-05,0.00169,0.00182,0.00507,0.01752,0.164,0.01035,0.01024,0.01133,0.03104,0.0074,22.736,0.305062,0.654172,-7.31055,0.098648,2.416838,0.095032,"no"
117.226,123.925,106.656,0.00417,4e-05,0.00186,0.0027,0.00558,0.01909,0.171,0.00864,0.01223,0.01949,0.02592,0.00955,23.079,0.603515,0.669565,-5.61907,0.191576,2.027228,0.215724,"no"
116.848,217.552,99.503,0.00531,5e-05,0.0026,0.00346,0.0078,0.01795,0.163,0.0081,0.01144,0.01756,0.02429,0.01179,22.085,0.663842,0.656516,-5.198864,0.206768,2.120412,0.252404,"no"
174.688,240.005,74.287,0.0136,8e-05,0.00624,0.00564,0.01873,0.02308,0.256,0.01268,0.01365,0.01667,0.03804,0.10715,17.883,0.407567,0.655683,-6.787197,0.158453,2.679772,0.131728,"no"
214.289,260.277,77.973,0.00567,3e-05,0.00295,0.00317,0.00885,0.01884,0.19,0.01026,0.01161,0.01373,0.03078,0.04398,21.209,0.462803,0.664357,-5.724056,0.190667,2.555477,0.148569,"no"
